Model,Train Accuracy,Test Accuracy,Precision,Recall,F1-Score,CV Score
Random Forest,1.0,1.0,1.0,1.0,1.0,1.0
Logistic Regression,1.0,0.6666666666666666,0.6666666666666666,1.0,0.8,1.0
Decision Tree,1.0,0.6666666666666666,0.6666666666666666,1.0,0.8,1.0
Support Vector Machine,1.0,0.6666666666666666,0.6666666666666666,1.0,0.8,1.0
K-Nearest Neighbors,1.0,0.6666666666666666,0.6666666666666666,1.0,0.8,1.0
Naive Bayes,1.0,0.6666666666666666,0.6666666666666666,1.0,0.8,0.8333333333333334
Gradient Boosting,1.0,0.6666666666666666,0.6666666666666666,1.0,0.8,1.0
