,PC1,PC2,PC3,PC4
Time_spent,0.49967413848913184,-0.5362209356614841,0.6505168295385619,-0.19904953647412427
Clicks,0.5012972750444326,-0.19268574971011143,-0.30299800931031956,0.7872518340694179
Product_Views,0.5012596485614255,-0.08450288968985323,-0.6332555699186099,-0.5835969581185266
Purchase_Frequency,0.4977605469322039,0.8174341390295852,0.28984037677338453,-0.005331253002487524
