PC1,PC2,PC3,PC4,PC5
-0.35604555232620017,0.31109899377007827,0.08799635954388096,0.017602738553889344,-0.015769388169720042
-1.8262631074321372,0.02183770247526806,-0.0715550950705625,-0.11328712477504559,-0.00853550543974668
2.009090941933393,0.0636295087427944,-0.0060547553121373335,-0.0014892179149183814,0.03660387163742426
1.0165933768716775,-0.004911249698906253,-0.11315095365704829,0.08957591351943159,-0.0133077923634291
-2.3897378741480595,0.06387746110072208,0.0066739907606129965,0.044362689834813354,0.0074744099089155734
2.2450501192593086,-0.32146282510670504,0.06378803382259966,-0.001452104572200718,-0.012539277132418133
2.82559271268883,0.06766335885494631,0.002272469617297503,-0.047854864602148606,-0.0021726493746669195
-3.524280616846815,-0.20173295013819825,0.030029950295356888,0.012541969956178808,0.008246330933641029
