PC1,PC2,PC3,PC4,PC5
-2.49542824221784,0.16458467900872062,-0.11033345376934285,0.04521943297240563,-8.983263462259714e-17
-0.5171787463038758,0.09669850354306697,-0.026565098601512037,-0.02290816428855903,-7.475138559836836e-18
1.525524241143003,-0.023346758185002512,0.07222786712424033,0.025689671960508694,-3.3060031979163285e-17
-3.4242097328173813,-0.28110494527189667,-0.01822306288011746,-0.008053049171049766,-4.4166309535132376e-17
3.293774738817838,-0.042485260613314736,-0.12719703160679288,-0.045802380662003636,-8.983263462259725e-17
0.609172246539127,0.01230203616036206,0.1644280112107962,0.0030729815167486194,-1.2270651300039904e-16
-1.4335307409077522,0.13234729788843158,0.06563504548504383,-0.04552485473231914,1.0475169664502363e-17
2.4418762357468795,-0.058995552530366986,-0.019972276962315454,0.048306362404268666,2.3267616374165527e-17
